filter,rho,mse
DiagSF,128.0,0.19903586741528528
DiagSF,4.0,0.48731927302232714
DiagSF,64.0,0.2519364217568341
DiagSF,8.0,0.383674169655403
DiagSF,16.0,0.2947169921808495
DiagSF,32.0,0.2565440268780344
DiagSF,256.0,NaN
DiagSF,1.0,0.7051298001692344
BlockSF,8.0,0.4023815280279731
BlockSF,64.0,0.22385816450414406
BlockSF,128.0,0.14781603111037336
BlockSF,4.0,0.5060019996470427
BlockSF,16.0,0.2911090892725531
BlockSF,32.0,0.2393921812974627
BlockSF,256.0,NaN
BlockSF,1.0,0.7166894805623619
DiagSF,32.0,0.23002832584872135
DiagSF,16.0,0.3126599851372851
DiagSF,4.0,0.4825602681587082
DiagSF,256.0,NaN
DiagSF,1.0,0.7217168565472607
DiagSF,128.0,0.2710116475471902
DiagSF,64.0,0.1506538885586013
DiagSF,8.0,0.39424029280266976
BlockSF,16.0,0.29515049937705473
BlockSF,4.0,0.5043120903900169
BlockSF,64.0,0.1684196263653859
BlockSF,128.0,0.20496818706115338
BlockSF,256.0,NaN
BlockSF,8.0,0.3759030893155447
BlockSF,1.0,0.7322304842302808
BlockSF,32.0,0.23895201911659145
DiagSF,128.0,0.2584525139805139
DiagSF,4.0,0.5094184849111
DiagSF,16.0,0.3234295194958458
DiagSF,1.0,0.748608882186591
DiagSF,64.0,0.20691790037655022
DiagSF,32.0,0.2225939471868303
DiagSF,256.0,NaN
DiagSF,8.0,0.39427723405725656
BlockSF,256.0,NaN
BlockSF,128.0,0.19091402141081523
BlockSF,32.0,0.19022893605245078
BlockSF,8.0,0.4004579189010174
BlockSF,1.0,0.7224515471586942
BlockSF,4.0,0.5045262950245689
BlockSF,64.0,0.24932706064973195
BlockSF,16.0,0.29401409834418984
DiagSF,128.0,0.2038808978544482
DiagSF,256.0,NaN
DiagSF,16.0,0.2923058578061684
DiagSF,1.0,0.7133235489978981
DiagSF,4.0,0.4995076349410972
DiagSF,32.0,0.2511301653075071
DiagSF,64.0,0.1947350449362784
DiagSF,8.0,0.39846547906365215
BlockSF,256.0,NaN
BlockSF,128.0,0.165275270615343
BlockSF,4.0,0.5069614852196869
BlockSF,16.0,0.3149745852171808
BlockSF,64.0,0.11663358094422209
BlockSF,8.0,0.3895975988248198
BlockSF,32.0,0.28830640109542893
BlockSF,1.0,0.7362834311754215
DiagSF,16.0,0.3152351239495512
DiagSF,64.0,0.23439090804586907
DiagSF,256.0,NaN
DiagSF,1.0,0.7051173077791218
DiagSF,32.0,0.21802290980123223
DiagSF,4.0,0.5016311613007107
DiagSF,8.0,0.380195071593567
DiagSF,128.0,0.205106012846037
BlockSF,256.0,NaN
BlockSF,64.0,0.2055520069780191
BlockSF,128.0,0.18023709453271683
BlockSF,16.0,0.2928374288365108
BlockSF,1.0,0.7238348405291459
BlockSF,4.0,0.4798557573026149
BlockSF,32.0,0.2324614404712232
BlockSF,8.0,0.4050563719549081
DiagSF,64.0,0.16706785949811062
DiagSF,1.0,0.7395373941865331
DiagSF,32.0,0.22053956846794162
DiagSF,8.0,0.39523932543301465
DiagSF,4.0,0.5088033064344674
DiagSF,256.0,NaN
DiagSF,128.0,0.27965227857970354
DiagSF,16.0,0.2887697649259438
BlockSF,4.0,0.48996183222180056
BlockSF,8.0,0.3905721269383743
BlockSF,64.0,0.20443129077477254
BlockSF,32.0,0.25794027796072133
BlockSF,1.0,0.7333598128758205
BlockSF,256.0,NaN
BlockSF,128.0,0.133262392588993
BlockSF,16.0,0.31643695237963615
DiagSF,64.0,0.22866212296957356
DiagSF,256.0,NaN
DiagSF,8.0,0.37807436398984373
DiagSF,32.0,0.22341290355027169
DiagSF,1.0,0.7225363532009734
DiagSF,4.0,0.5020343583844642
DiagSF,16.0,0.31014214528009154
DiagSF,128.0,0.18240893019216003
BlockSF,256.0,3.350837944088128e45
BlockSF,64.0,0.19643353510810282
BlockSF,1.0,0.7329757172357143
BlockSF,32.0,0.24816765581738967
BlockSF,8.0,0.40130259896874687
BlockSF,16.0,0.3154220336932561
BlockSF,4.0,0.4884728062859257
BlockSF,128.0,0.2028346143186078
DiagSF,4.0,0.4849771538823072
DiagSF,256.0,NaN
DiagSF,16.0,0.313696981683983
DiagSF,64.0,0.1581393895894319
DiagSF,1.0,0.7479708455220373
DiagSF,32.0,0.24007104397812595
DiagSF,128.0,0.14881246049706112
DiagSF,8.0,0.39571662991651524
BlockSF,4.0,0.49356145363784193
BlockSF,16.0,0.30055058977656623
BlockSF,256.0,NaN
BlockSF,128.0,0.25063407041906205
BlockSF,32.0,0.19866812239812334
BlockSF,64.0,0.17855375327990836
BlockSF,1.0,0.7036763602143233
BlockSF,8.0,0.40166288244473414
DiagSF,64.0,0.27711944031643354
DiagSF,8.0,0.3753773575042672
DiagSF,16.0,0.3187319823998852
DiagSF,32.0,0.23787129795434486
DiagSF,1.0,0.7071510322816628
DiagSF,256.0,NaN
DiagSF,128.0,0.245341802244152
DiagSF,4.0,0.49660887944022875
BlockSF,32.0,0.2634036198293191
BlockSF,256.0,7.109632491687955e51
BlockSF,8.0,0.39901853305862567
BlockSF,16.0,0.2995238046858859
BlockSF,1.0,0.7293216853997418
BlockSF,64.0,0.22624363935111233
BlockSF,128.0,0.14143761624583046
BlockSF,4.0,0.4992295618715469
DiagSF,256.0,NaN
DiagSF,16.0,0.2742950811132415
DiagSF,64.0,0.29228138226013844
DiagSF,1.0,0.7290651384872721
DiagSF,4.0,0.5147746129172304
DiagSF,128.0,0.3146760823524481
DiagSF,8.0,0.3807481160280585
DiagSF,32.0,0.21186530041737234
BlockSF,64.0,0.1917969174836647
BlockSF,8.0,0.3833482213654589
BlockSF,16.0,0.29804601963632066
BlockSF,4.0,0.49653972723583206
BlockSF,256.0,1.4083003560731338e181
BlockSF,128.0,0.2528271383725251
BlockSF,1.0,0.7379197947460312
BlockSF,32.0,0.21038953111992428
DiagSF,1.0,0.7204323120440769
DiagSF,16.0,0.3093877934041664
DiagSF,256.0,NaN
DiagSF,64.0,0.19173199929076107
DiagSF,8.0,0.40071643545597574
DiagSF,4.0,0.5010175071015989
DiagSF,32.0,0.2350993348514567
DiagSF,128.0,0.19031560494329783
BlockSF,256.0,NaN
BlockSF,128.0,0.1545772437471181
BlockSF,64.0,0.18049196836841028
BlockSF,4.0,0.4925704373099116
BlockSF,1.0,0.7472027271199679
BlockSF,8.0,0.39978999189281456
BlockSF,32.0,0.2317074354861279
BlockSF,16.0,0.3165331652697041
DiagSF,1.0,0.7130394012984477
DiagSF,256.0,1.635299509300712e47
DiagSF,32.0,0.2338280413188181
DiagSF,128.0,0.17002219261510892
DiagSF,8.0,0.3946131528093446
DiagSF,64.0,0.18835945408220744
DiagSF,16.0,0.28287378983708167
DiagSF,4.0,0.4814951905486326
BlockSF,4.0,0.5031446559144831
BlockSF,1.0,0.7374801073152554
BlockSF,64.0,0.15842814647045694
BlockSF,32.0,0.23277711200980855
BlockSF,16.0,0.28708866861115334
BlockSF,256.0,NaN
BlockSF,128.0,0.1874430321747628
BlockSF,8.0,0.4035153390527209
DiagSF,32.0,0.248566534606043
DiagSF,8.0,0.3880383642394295
DiagSF,16.0,0.2953745920692255
DiagSF,256.0,NaN
DiagSF,128.0,0.13357992000588617
DiagSF,64.0,0.2306597401377568
DiagSF,1.0,0.7098723367258649
DiagSF,4.0,0.5076177299967285
BlockSF,256.0,NaN
BlockSF,16.0,0.3001812389204173
BlockSF,64.0,0.1998943847641028
BlockSF,1.0,0.7437907844863775
BlockSF,8.0,0.3914085360942669
BlockSF,32.0,0.2466372225611687
BlockSF,4.0,0.5002880096384434
BlockSF,128.0,0.10880740481751822
DiagSF,32.0,0.27277759213448544
DiagSF,8.0,0.3929674416824393
DiagSF,4.0,0.49303676141114333
DiagSF,16.0,0.30285891290789424
DiagSF,128.0,0.17095896542387584
DiagSF,256.0,NaN
DiagSF,1.0,0.7222870295875049
DiagSF,64.0,0.25928425527361204
BlockSF,256.0,NaN
BlockSF,8.0,0.38488363459946123
BlockSF,4.0,0.48376025664378347
BlockSF,16.0,0.30975858810161117
BlockSF,32.0,0.1987229724923749
BlockSF,128.0,0.17144970626586506
BlockSF,64.0,0.14466068653592995
BlockSF,1.0,0.7007003873467069
DiagSF,4.0,0.5126395392250916
DiagSF,128.0,0.21050541675092385
DiagSF,64.0,0.23019539498871375
DiagSF,32.0,0.24930774250223364
DiagSF,1.0,0.7217142809081712
DiagSF,16.0,0.3026828005876232
DiagSF,8.0,0.37217261744023716
DiagSF,256.0,4.727361786415726e62
BlockSF,4.0,0.4930419166931436
BlockSF,128.0,0.19143352385957899
BlockSF,32.0,0.24018321911510182
BlockSF,64.0,0.2036967437328693
BlockSF,16.0,0.2927599203976612
BlockSF,256.0,NaN
BlockSF,1.0,0.7449982821203088
BlockSF,8.0,0.36546022174173787
DiagSF,256.0,NaN
DiagSF,1.0,0.7234491464611204
DiagSF,16.0,0.3145709043127927
DiagSF,128.0,0.224730428628888
DiagSF,32.0,0.26276465630214885
DiagSF,64.0,0.23407887096251498
DiagSF,8.0,0.37412639482013693
DiagSF,4.0,0.4911840319889063
BlockSF,256.0,1.5351531202874002e226
BlockSF,1.0,0.735652324742801
BlockSF,16.0,0.2952633604547305
BlockSF,64.0,0.15666238513865202
BlockSF,128.0,0.20957898555035087
BlockSF,32.0,0.2578498611274801
BlockSF,4.0,0.5150855048040787
BlockSF,8.0,0.401452858181485
DiagSF,8.0,0.3758342867700955
DiagSF,4.0,0.49111511459155227
DiagSF,32.0,0.2169392573177122
DiagSF,64.0,0.1982388481158503
DiagSF,256.0,NaN
DiagSF,128.0,0.2651213580371814
DiagSF,1.0,0.7273554713454385
DiagSF,16.0,0.2899434670977196
BlockSF,64.0,0.18051968159132847
BlockSF,128.0,0.28362991573079754
BlockSF,256.0,NaN
BlockSF,32.0,0.196107541342571
BlockSF,4.0,0.4967196226557709
BlockSF,8.0,0.3654098648837781
BlockSF,1.0,0.7583808226644676
BlockSF,16.0,0.31946342257689064
DiagSF,4.0,0.4832475031851103
DiagSF,16.0,0.29358113693981014
DiagSF,1.0,0.7141712491922674
DiagSF,8.0,0.38768784415660945
DiagSF,128.0,0.29674924835930194
DiagSF,256.0,NaN
DiagSF,64.0,0.16527961077601103
DiagSF,32.0,0.19502209264648263
BlockSF,16.0,0.26846425248604144
BlockSF,256.0,NaN
BlockSF,8.0,0.38819772234165445
BlockSF,4.0,0.4909739299735671
BlockSF,1.0,0.7427663089131107
BlockSF,32.0,0.2146919381800338
BlockSF,128.0,0.13982236906880996
BlockSF,64.0,0.15550091284147333
DiagSF,64.0,0.20856568961109623
DiagSF,8.0,0.37055803247523805
DiagSF,16.0,0.27103465757063216
DiagSF,4.0,0.4963182807270875
DiagSF,256.0,5.6936928430423295e29
DiagSF,1.0,0.7380797950128383
DiagSF,32.0,0.2693291866822526
DiagSF,128.0,0.2590989060441101
BlockSF,64.0,0.20628787067002655
BlockSF,1.0,0.7260098456896157
BlockSF,8.0,0.4008407662783488
BlockSF,32.0,0.24083110860095472
BlockSF,16.0,0.26797742285269943
BlockSF,256.0,NaN
BlockSF,4.0,0.5077806648882306
BlockSF,128.0,0.16096171119169114
DiagSF,64.0,0.23990886505770762
DiagSF,32.0,0.21681941547755915
DiagSF,16.0,0.2788495643655408
DiagSF,128.0,0.25093575745834085
DiagSF,4.0,0.4758046704968009
DiagSF,256.0,6.830131372989345e66
DiagSF,8.0,0.39459558171242953
DiagSF,1.0,0.7501595608016264
BlockSF,128.0,0.21720211406639178
BlockSF,16.0,0.2984230180319021
BlockSF,4.0,0.5034473095237365
BlockSF,32.0,0.20086346852942283
BlockSF,64.0,0.1832529850950189
BlockSF,256.0,NaN
BlockSF,8.0,0.3727429748614612
BlockSF,1.0,0.6930821097280074
DiagSF,16.0,0.2857683856501818
DiagSF,8.0,0.3921793223575564
DiagSF,256.0,NaN
DiagSF,128.0,0.20645168080953702
DiagSF,4.0,0.49977082780132104
DiagSF,64.0,0.2194855228154692
DiagSF,1.0,0.7118809850968063
DiagSF,32.0,0.22418683529139818
BlockSF,16.0,0.3056447217825694
BlockSF,8.0,0.3865498733559001
BlockSF,128.0,0.08281462001735922
BlockSF,256.0,1.57583483761621e44
BlockSF,4.0,0.4896727882667468
BlockSF,1.0,0.7169734385121334
BlockSF,64.0,0.20712992399362143
BlockSF,32.0,0.23004374634242453
DiagSF,128.0,0.2621899959020712
DiagSF,16.0,0.2867033356597129
DiagSF,8.0,0.3899759417496914
DiagSF,4.0,0.4871096031703957
DiagSF,32.0,0.26286118439856787
DiagSF,256.0,5.974790212812293e164
DiagSF,1.0,0.7252251820594859
DiagSF,64.0,0.22124645790336334
BlockSF,128.0,0.0970461356565385
BlockSF,16.0,0.3179889585203877
BlockSF,32.0,0.19790450696398285
BlockSF,256.0,NaN
BlockSF,4.0,0.4898945428573357
BlockSF,8.0,0.39905181434282705
BlockSF,1.0,0.7270642055283815
BlockSF,64.0,0.15503269684613885
DiagSF,4.0,0.49128424642641993
DiagSF,64.0,0.2307892721745536
DiagSF,16.0,0.29050891036274035
DiagSF,128.0,0.25530274464797503
DiagSF,256.0,NaN
DiagSF,8.0,0.3880713268672291
DiagSF,32.0,0.21427926915181497
DiagSF,1.0,0.7322713773997597
BlockSF,16.0,0.3316189174728717
BlockSF,4.0,0.4847473878199669
BlockSF,64.0,0.1677995765612794
BlockSF,8.0,0.38717863857064283
BlockSF,128.0,0.17381988430172557
BlockSF,256.0,NaN
BlockSF,32.0,0.237639260367211
BlockSF,1.0,0.7282787048750445
DiagSF,1.0,0.7301873339516078
DiagSF,32.0,0.22194482722605416
DiagSF,16.0,0.3000128696494508
DiagSF,128.0,0.19223478672189526
DiagSF,4.0,0.5148433070547733
DiagSF,8.0,0.40654261871584835
DiagSF,64.0,0.22657092786189623
DiagSF,256.0,8.692384347904563e118
BlockSF,32.0,0.21749999992882663
BlockSF,64.0,0.16706890259526444
BlockSF,1.0,0.7059991320292409
BlockSF,8.0,0.40951788634537833
BlockSF,4.0,0.484500650299917
BlockSF,16.0,0.29881836902847847
BlockSF,256.0,6.932622108754498e70
BlockSF,128.0,0.1974288762934562
DiagSF,128.0,0.1625285724906463
DiagSF,4.0,0.5017865913616172
DiagSF,8.0,0.36811002765194145
DiagSF,16.0,0.29482375317591214
DiagSF,64.0,0.21977775436235195
DiagSF,32.0,0.24255859914567124
DiagSF,256.0,NaN
DiagSF,1.0,0.7420237904158024
BlockSF,4.0,0.49234239172268424
BlockSF,128.0,0.19079729896995087
BlockSF,64.0,0.24723277259320323
BlockSF,8.0,0.38786841846358
BlockSF,32.0,0.252868482717268
BlockSF,16.0,0.3109111431063723
BlockSF,256.0,NaN
BlockSF,1.0,0.7359530359903117
DiagSF,64.0,0.1845135967808208
DiagSF,128.0,0.31614193530213314
DiagSF,256.0,NaN
DiagSF,16.0,0.29716901420187963
DiagSF,8.0,0.393472650042217
DiagSF,32.0,0.24529708039779588
DiagSF,1.0,0.736309170061506
DiagSF,4.0,0.5120776392146084
BlockSF,64.0,0.1696139423106206
BlockSF,128.0,0.11071562019094203
BlockSF,256.0,NaN
BlockSF,16.0,0.27893997943614995
BlockSF,4.0,0.49689013317271774
BlockSF,32.0,0.2199529091018069
BlockSF,1.0,0.7225602600602589
BlockSF,8.0,0.38080736849794233
DiagSF,16.0,0.30910387678497386
DiagSF,4.0,0.4972773125861163
DiagSF,8.0,0.3848255425550809
DiagSF,64.0,0.2086303229076378
DiagSF,256.0,3.611510478152638e43
DiagSF,128.0,0.19416081743765384
DiagSF,1.0,0.7464565820789014
DiagSF,32.0,0.2595364469587766
BlockSF,16.0,0.29628395922251594
BlockSF,256.0,NaN
BlockSF,4.0,0.492369435674888
BlockSF,8.0,0.3972259940183641
BlockSF,1.0,0.7370977870553621
BlockSF,64.0,0.2036943136726766
BlockSF,128.0,0.17488072367772134
BlockSF,32.0,0.21399342004888597
DiagSF,1.0,0.7450469962922487
DiagSF,16.0,0.30356567631910936
DiagSF,4.0,0.5133867629850523
DiagSF,8.0,0.38647958488609835
DiagSF,128.0,0.2924719083798947
DiagSF,64.0,0.20690664243369533
DiagSF,256.0,Inf
DiagSF,32.0,0.22695353716517702
BlockSF,1.0,0.7366288667865654
BlockSF,4.0,0.5022938035882919
BlockSF,16.0,0.2927474856392791
BlockSF,256.0,NaN
BlockSF,128.0,0.17433964790039685
BlockSF,64.0,0.17035153923814897
BlockSF,8.0,0.399269780762588
BlockSF,32.0,0.21198515167824572
FullSF,1.0,0.7421933909225742
FullSF,4.0,0.496269605934842
FullSF,16.0,0.31661088796907944
FullSF,64.0,0.1831899577910927
FullSF,32.0,0.2286370106284185
FullSF,8.0,0.3682896052710511
FullSF,256.0,NaN
FullSF,128.0,0.18698828156110178
DiagSF,4.0,0.5109336638666269
DiagSF,1.0,0.7335865950827475
DiagSF,16.0,0.31170161740567304
DiagSF,128.0,0.22784387589293367
DiagSF,64.0,0.20063450762232318
DiagSF,8.0,0.384235070527653
DiagSF,32.0,0.21022404057090774
DiagSF,256.0,NaN
BlockSF,1.0,0.7254599093822026
BlockSF,4.0,0.49253653330852776
BlockSF,128.0,0.21207006380178212
BlockSF,8.0,0.37502844614759573
BlockSF,16.0,0.2727000026403859
BlockSF,32.0,0.19433286533427477
BlockSF,64.0,0.21301832739298934
BlockSF,256.0,NaN
FullSF,128.0,0.1365190509290693
FullSF,16.0,0.3190270617525213
FullSF,4.0,0.49045599120561884
FullSF,1.0,0.7369522085523723
FullSF,32.0,0.22389681970908312
FullSF,64.0,0.16573299683114076
FullSF,256.0,NaN
FullSF,8.0,0.38017716595888723
DiagSF,2.0,0.6263493515503972
BlockSF,2.0,0.6377465332564803
DiagSF,4.0,0.4931706086549854
DiagSF,8.0,0.39824527022978556
DiagSF,32.0,0.25811520037226654
DiagSF,1.0,0.7478476280505223
DiagSF,64.0,0.24757910676505324
DiagSF,16.0,0.29294765473712864
DiagSF,128.0,0.26885287525767276
DiagSF,256.0,1.5620056521099625e44
BlockSF,1.0,0.7254105995356619
BlockSF,64.0,0.18025324756999325
BlockSF,4.0,0.4835314052806536
BlockSF,32.0,0.2511972819314118
BlockSF,8.0,0.37165108975587685
BlockSF,16.0,0.3094344311907359
BlockSF,128.0,0.14801651635376883
BlockSF,256.0,NaN
FullSF,1.0,0.7138280681582838
FullSF,4.0,0.4971926404935022
FullSF,32.0,0.20765642597804732
FullSF,64.0,0.16510379903446049
FullSF,8.0,0.3752405373874362
FullSF,128.0,0.21228163963703603
FullSF,256.0,0.19583902001448525
FullSF,16.0,0.29304219270207904
DiagSF,2.0,0.6005419985201111
DiagSF,1.0,0.7235883727895471
DiagSF,16.0,0.3080849934240415
DiagSF,64.0,0.2552164181900552
DiagSF,8.0,0.3905706431376244
DiagSF,256.0,NaN
DiagSF,128.0,0.1784242346922252
DiagSF,32.0,0.20480655677253906
DiagSF,4.0,0.494802294971863
BlockSF,1.0,0.7239573004102294
BlockSF,16.0,0.28786635569463026
BlockSF,128.0,0.14595865322611182
BlockSF,64.0,0.15715640143444032
BlockSF,256.0,NaN
BlockSF,32.0,0.2001170778784442
BlockSF,8.0,0.3892815248423778
BlockSF,4.0,0.49178394694554906
FullSF,1.0,0.728965016283709
FullSF,64.0,0.20809854176777867
FullSF,32.0,0.18606620566530396
FullSF,8.0,0.36322898148952065
FullSF,16.0,0.28845978719785204
FullSF,4.0,0.4988104257188815
FullSF,128.0,0.21441423914602986
FullSF,256.0,NaN
DiagSF,2.0,0.6055941463308931
DiagSF,1.0,0.754803979103731
DiagSF,8.0,0.38849756157251025
DiagSF,64.0,0.23608716161017226
DiagSF,4.0,0.4964892895724128
DiagSF,256.0,NaN
DiagSF,128.0,0.17282517633936437
DiagSF,32.0,0.22526317125443984
DiagSF,16.0,0.30886202569627474
BlockSF,128.0,0.19739990481673866
BlockSF,64.0,0.1910130134765017
BlockSF,32.0,0.23617579882804546
BlockSF,1.0,0.718166863521938
BlockSF,16.0,0.28510097777649107
BlockSF,8.0,0.38150199932564505
BlockSF,4.0,0.5099876312152314
BlockSF,256.0,NaN
FullSF,128.0,0.10169421546429305
FullSF,64.0,0.17315060962048467
FullSF,8.0,0.3800620352735483
FullSF,1.0,0.7351392784826687
FullSF,4.0,0.48339547992149046
FullSF,32.0,0.19632225685224353
FullSF,256.0,NaN
FullSF,16.0,0.30152405847632147
DiagSF,2.0,0.6234351926480085
DiagSF,1.0,0.7271804843764624
DiagSF,256.0,NaN
DiagSF,32.0,0.21356775079250953
DiagSF,128.0,0.2628652448791353
DiagSF,16.0,0.31464034710940325
DiagSF,64.0,0.23044169330881883
DiagSF,4.0,0.48539679784964435
DiagSF,8.0,0.3976364985157983
BlockSF,1.0,0.7238243761425861
BlockSF,256.0,NaN
BlockSF,16.0,0.2973604563774905
BlockSF,32.0,0.19808536747684058
BlockSF,64.0,0.16856399721708143
BlockSF,4.0,0.5023434739831095
BlockSF,128.0,0.1699647625560518
BlockSF,8.0,0.38380066650421024
FullSF,1.0,0.7197240469879325
FullSF,16.0,0.31065216616320507
FullSF,32.0,0.23941783804433295
FullSF,256.0,NaN
FullSF,64.0,0.20585533660703317
FullSF,4.0,0.48052334440354666
FullSF,128.0,0.22626706758619183
FullSF,8.0,0.3780378971804119
DiagSF,2.0,0.6275438375669443
DiagSF,16.0,0.30748102712170816
DiagSF,32.0,0.2593375464477329
DiagSF,1.0,0.7560499312591076
DiagSF,128.0,0.1283480384440884
DiagSF,4.0,0.5068004558780258
DiagSF,64.0,0.2178660621164097
DiagSF,8.0,0.392216604591519
DiagSF,256.0,NaN
BlockSF,16.0,0.31503879165483023
BlockSF,8.0,0.37944218522621487
BlockSF,256.0,NaN
BlockSF,32.0,0.2770296375918121
BlockSF,64.0,0.21169068737737248
BlockSF,4.0,0.495902242444327
BlockSF,128.0,0.11172252289384231
BlockSF,1.0,0.7218204870550184
FullSF,16.0,0.3034390358962778
FullSF,32.0,0.19266353841250408
FullSF,8.0,0.37304815328522833
FullSF,4.0,0.483157058346246
FullSF,256.0,NaN
FullSF,128.0,0.14261270863623654
FullSF,64.0,0.16835467767711984
FullSF,1.0,0.7189072348678588
DiagSF,2.0,0.6065937129917024
DiagSF,64.0,0.2657038138201788
DiagSF,8.0,0.38532480428116955
DiagSF,4.0,0.5052495236567534
DiagSF,32.0,0.22584733569849183
DiagSF,128.0,0.20683707757052602
DiagSF,256.0,NaN
DiagSF,16.0,0.2829979142598541
DiagSF,1.0,0.7374253827788166
BlockSF,64.0,0.14216072040599706
BlockSF,8.0,0.3805167389229239
BlockSF,4.0,0.4908464615071781
BlockSF,128.0,0.2700804651563067
BlockSF,32.0,0.22838714044189032
BlockSF,256.0,NaN
BlockSF,16.0,0.29317879007683767
BlockSF,1.0,0.7218404946881284
FullSF,8.0,0.37473419707444966
FullSF,4.0,0.4979208824101655
FullSF,64.0,0.1527223283180636
FullSF,128.0,0.11440856642518225
FullSF,32.0,0.23660877902676444
FullSF,256.0,NaN
FullSF,16.0,0.2923213992575422
FullSF,1.0,0.7125785515940009
DiagSF,2.0,0.6249037093412989
DiagSF,4.0,0.5033239476599723
DiagSF,16.0,0.3129819566024161
DiagSF,128.0,0.31153716040685675
DiagSF,64.0,0.23927347002679705
DiagSF,32.0,0.2076303799499708
DiagSF,1.0,0.7577175786192222
DiagSF,256.0,3.2909801273625594e167
DiagSF,8.0,0.3782528786775473
BlockSF,128.0,0.16699964477526225
BlockSF,1.0,0.7336799804953564
BlockSF,4.0,0.49382779564343304
BlockSF,16.0,0.298007049607457
BlockSF,64.0,0.22025628842281025
BlockSF,8.0,0.37323092753216797
BlockSF,256.0,NaN
BlockSF,32.0,0.2205677462816505
FullSF,16.0,0.2921133501622164
FullSF,8.0,0.3942868595862468
FullSF,32.0,0.23751152714837587
FullSF,128.0,0.13496504480895644
FullSF,4.0,0.488485592010499
FullSF,1.0,0.7234600863264827
FullSF,64.0,0.1839469404849363
FullSF,256.0,NaN
DiagSF,2.0,0.6030286553115883
BlockSF,2.0,0.6208041820964274
DiagSF,8.0,0.4021471932823922
DiagSF,16.0,0.30500702200047064
DiagSF,32.0,0.2217353350952006
DiagSF,4.0,0.49901000725365263
DiagSF,64.0,0.18088679835884344
DiagSF,128.0,0.2833755117248415
DiagSF,1.0,0.7452496490318552
DiagSF,256.0,NaN
BlockSF,1.0,0.7237605747415425
BlockSF,64.0,0.14461675995170611
BlockSF,8.0,0.4120081198843186
BlockSF,32.0,0.24204528999001046
BlockSF,16.0,0.3125011251407042
BlockSF,128.0,0.18789331448724902
BlockSF,4.0,0.5010739678858467
BlockSF,256.0,NaN
FullSF,1.0,0.7461416716261298
FullSF,128.0,0.2169718028374999
FullSF,64.0,0.1856767445127252
FullSF,32.0,0.24020137857369528
FullSF,8.0,0.3661467291636075
FullSF,16.0,0.2783258429338538
FullSF,4.0,0.5084415580087073
FullSF,256.0,NaN
DiagSF,2.0,0.6179714460677261
BlockSF,2.0,0.6031460093819789
DiagSF,1.0,0.7309528044212992
DiagSF,256.0,NaN
DiagSF,16.0,0.2836218653775771
DiagSF,64.0,0.17291707140975662
DiagSF,128.0,0.2539372737961494
DiagSF,32.0,0.21912578859483078
DiagSF,8.0,0.39736444464455545
DiagSF,4.0,0.5052902000694733
BlockSF,1.0,0.7227230433446011
BlockSF,16.0,0.31054726033138713
BlockSF,64.0,0.19678680131530063
BlockSF,256.0,NaN
BlockSF,8.0,0.37348542991638595
BlockSF,32.0,0.21803310256860098
BlockSF,4.0,0.49179496694227953
BlockSF,128.0,0.19188736301143777
FullSF,16.0,0.28451753611566183
FullSF,1.0,0.7490595502747609
FullSF,32.0,0.23572901872146848
FullSF,256.0,NaN
FullSF,128.0,0.11357642587921786
FullSF,64.0,0.1906419197492437
FullSF,8.0,0.3739858310699563
FullSF,4.0,0.5122579058467629
DiagSF,2.0,0.5915884453308345
DiagSF,1.0,0.7213631391464159
DiagSF,16.0,0.30471818950461
DiagSF,256.0,NaN
DiagSF,4.0,0.4961905275705502
DiagSF,64.0,0.23149750482876177
DiagSF,32.0,0.24754831829513127
DiagSF,8.0,0.3747564095969809
DiagSF,128.0,0.15775099953080385
BlockSF,1.0,0.7641217538289555
BlockSF,16.0,0.3032972392191204
BlockSF,64.0,0.18273500980698534
BlockSF,32.0,0.18424665593313963
BlockSF,256.0,NaN
BlockSF,8.0,0.3923130363131332
BlockSF,128.0,0.16536871385550037
BlockSF,4.0,0.5171067525018072
FullSF,1.0,0.7403175916517828
FullSF,4.0,0.5126406120441009
FullSF,8.0,0.3899638721675506
FullSF,16.0,0.28157606922087886
FullSF,256.0,NaN
FullSF,64.0,0.17045194606082206
FullSF,32.0,0.24004259521128737
FullSF,128.0,0.1435003793694351
DiagSF,2.0,0.6220712496474079
DiagSF,1.0,0.7582829865944508
DiagSF,256.0,NaN
DiagSF,64.0,0.2715093960173043
DiagSF,32.0,0.24765392711833137
DiagSF,128.0,0.24238646653959547
DiagSF,8.0,0.3866979971603024
DiagSF,16.0,0.3146984925565704
DiagSF,4.0,0.507004376865465
BlockSF,1.0,0.7099407673618895
BlockSF,256.0,NaN
BlockSF,32.0,0.2602923441407256
BlockSF,64.0,0.19494650492673454
BlockSF,16.0,0.2828938566919142
BlockSF,128.0,0.16728900496916527
BlockSF,8.0,0.3929649879177128
BlockSF,4.0,0.5111581180645743
FullSF,1.0,0.7371943330723435
FullSF,64.0,0.15492122005101164
FullSF,128.0,0.1421284031921919
FullSF,16.0,0.30375064420048353
FullSF,256.0,NaN
FullSF,4.0,0.4864069348693592
FullSF,8.0,0.38332272629046193
FullSF,32.0,0.21129618759038094
DiagSF,2.0,0.6084216629454017
DiagSF,1.0,0.7185326481030949
DiagSF,8.0,0.3816731160564735
DiagSF,64.0,0.1532935398542807
DiagSF,16.0,0.29652859365287837
DiagSF,128.0,0.33314504226181896
DiagSF,4.0,0.48133925146008566
DiagSF,32.0,0.2210234871995847
DiagSF,256.0,NaN
BlockSF,1.0,0.7154751258295473
BlockSF,8.0,0.376617457229463
BlockSF,32.0,0.22685890138922457
BlockSF,4.0,0.5115599906601478
BlockSF,64.0,0.2549617497410219
BlockSF,128.0,0.16723326640349703
BlockSF,16.0,0.28644038994333104
BlockSF,256.0,NaN
FullSF,1.0,0.7373634560753097
FullSF,8.0,0.38808756673526373
FullSF,16.0,0.3003155648357652
FullSF,64.0,0.17241014636096377
FullSF,4.0,0.4956765505450299
FullSF,32.0,0.19681162738918642
FullSF,128.0,0.21506087208537564
FullSF,256.0,NaN
DiagSF,2.0,0.6244407335489917
DiagSF,16.0,0.29955643894639555
DiagSF,32.0,0.21481104968254033
DiagSF,8.0,0.39040655156039666
DiagSF,4.0,0.4921564928602839
DiagSF,128.0,0.15959687716614032
DiagSF,64.0,0.19048692300596634
DiagSF,1.0,0.7063947929723936
DiagSF,256.0,NaN
BlockSF,32.0,0.21568369458106465
BlockSF,1.0,0.7279167788956763
BlockSF,8.0,0.4168028641160354
BlockSF,4.0,0.49497351101383374
BlockSF,16.0,0.3209274681205567
BlockSF,128.0,0.20684848409615966
BlockSF,64.0,0.21357315490434634
BlockSF,256.0,NaN
FullSF,8.0,0.3752414941526871
FullSF,32.0,0.23482115475472742
FullSF,4.0,0.49715437297347487
FullSF,128.0,0.14267890837867978
FullSF,64.0,0.22652362480649477
FullSF,16.0,0.2780018747952937
FullSF,1.0,0.7434591065594078
FullSF,256.0,NaN
DiagSF,2.0,0.6062624400707289
DiagSF,32.0,0.26336181516578133
DiagSF,16.0,0.3058850327959694
DiagSF,4.0,0.49390301870171716
DiagSF,8.0,0.37808811774288625
DiagSF,64.0,0.1957031937421072
DiagSF,128.0,0.22283918418912424
DiagSF,1.0,0.7075723480596949
DiagSF,256.0,1.0542266646594749e246
BlockSF,16.0,0.30602143090594763
BlockSF,32.0,0.2339439703239482
BlockSF,1.0,0.7499659308331464
BlockSF,64.0,0.20983246384927368
BlockSF,128.0,0.23053840658633806
BlockSF,8.0,0.3770082288523286
BlockSF,256.0,NaN
BlockSF,4.0,0.4953115620116281
FullSF,64.0,0.1663018224173692
FullSF,32.0,0.2195949844242319
FullSF,128.0,0.1256135871344055
FullSF,16.0,0.2868024285933337
FullSF,8.0,0.3804691681121884
FullSF,1.0,0.7215543945391379
FullSF,4.0,0.4850964184498831
FullSF,256.0,NaN
DiagSF,2.0,0.612959674347307
DiagSF,1.0,0.7688998698585365
DiagSF,64.0,0.21555861177824762
DiagSF,16.0,0.2860672048260701
DiagSF,256.0,Inf
DiagSF,128.0,0.262429041549798
DiagSF,32.0,0.22453952420723786
DiagSF,8.0,0.38328110123316445
DiagSF,4.0,0.4867380817337433
BlockSF,1.0,0.7309563392963051
BlockSF,64.0,0.12832107286729938
BlockSF,16.0,0.2908756322717168
BlockSF,256.0,NaN
BlockSF,32.0,0.231911827104316
BlockSF,128.0,0.237334456303299
BlockSF,8.0,0.38775802789482183
BlockSF,4.0,0.4888865373551009
FullSF,1.0,0.733374386255559
FullSF,16.0,0.29266315175470525
FullSF,32.0,0.22149861209070978
FullSF,256.0,NaN
FullSF,64.0,0.1578715790736157
FullSF,128.0,0.13616413160400442
FullSF,8.0,0.4037182713080615
FullSF,4.0,0.5029014742891899
DiagSF,2.0,0.6030398297350984
DiagSF,256.0,4.4824756460996416e39
DiagSF,64.0,0.18955897055019155
DiagSF,1.0,0.7425911269008576
DiagSF,16.0,0.31815453239373187
DiagSF,4.0,0.491392932727766
DiagSF,8.0,0.37978057727696296
DiagSF,128.0,0.3076246902751984
DiagSF,32.0,0.24030732913112765
BlockSF,1.0,0.7404188270507703
BlockSF,64.0,0.18303117109854683
BlockSF,128.0,0.18098382141037142
BlockSF,32.0,0.23037029773952933
BlockSF,256.0,NaN
BlockSF,8.0,0.40130079119441386
BlockSF,16.0,0.2844917514525679
BlockSF,4.0,0.4936637014319689
FullSF,1.0,0.7202946230513841
FullSF,256.0,NaN
FullSF,128.0,0.2578791093491181
FullSF,64.0,0.1476112478768623
FullSF,4.0,0.48948776816933093
FullSF,8.0,0.3699190733289762
FullSF,16.0,0.2534447603615435
FullSF,32.0,0.18134994090305032
DiagSF,2.0,0.6066773816377274
DiagSF,1.0,0.7420171052202464
DiagSF,16.0,0.3025199945633872
DiagSF,4.0,0.4888051771326545
DiagSF,128.0,0.19029929892195374
DiagSF,64.0,0.2038142522281048
DiagSF,32.0,0.2194368589453125
DiagSF,8.0,0.397469838687635
DiagSF,256.0,4.2433389413980983e24
BlockSF,16.0,0.3013820539025372
BlockSF,1.0,0.719139524916013
BlockSF,4.0,0.4939108110665644
BlockSF,32.0,0.2160821832739499
BlockSF,128.0,0.1638540686638813
BlockSF,64.0,0.15150985315869206
BlockSF,256.0,NaN
BlockSF,8.0,0.39231658671775227
FullSF,1.0,0.7553868898236227
FullSF,16.0,0.2723404213322584
FullSF,4.0,0.4681421971978604
FullSF,32.0,0.21344665102861188
FullSF,8.0,0.38942994845584217
FullSF,64.0,0.17160963054708253
FullSF,128.0,0.20635707929890312
FullSF,256.0,NaN
DiagSF,2.0,0.6161143234814724
BlockSF,2.0,0.6049889406588402
DiagSF,1.0,0.7138674916406502
DiagSF,32.0,0.2265350568951139
DiagSF,16.0,0.3097800006783637
DiagSF,8.0,0.39255166742657216
DiagSF,4.0,0.4964644987340728
DiagSF,64.0,0.1760039510295809
DiagSF,128.0,0.2981474106050265
DiagSF,256.0,NaN
BlockSF,1.0,0.7375542643542885
BlockSF,32.0,0.2546967246038719
BlockSF,16.0,0.277607285174903
BlockSF,4.0,0.49603030504046447
BlockSF,8.0,0.3870143106755117
BlockSF,64.0,0.15414318755371564
BlockSF,128.0,0.30481336575222284
BlockSF,256.0,5.593709061458826e59
FullSF,1.0,0.7339627496515373
FullSF,32.0,0.21795736727437598
FullSF,16.0,0.2490643473683136
FullSF,64.0,0.12547294498883613
FullSF,8.0,0.38640251533397063
FullSF,4.0,0.49229778539311736
FullSF,128.0,0.11346057108450318
FullSF,256.0,NaN
DiagSF,2.0,0.6039954197900191
BlockSF,2.0,0.6035252040877986
DiagSF,1.0,0.7156934623895662
DiagSF,8.0,0.40337370628351915
DiagSF,32.0,0.24753016676288583
DiagSF,16.0,0.2840989878264731
DiagSF,4.0,0.49434439162337707
DiagSF,256.0,1.6507115494937966e55
DiagSF,128.0,0.18157552161793653
DiagSF,64.0,0.237603579350443
BlockSF,1.0,0.7214335007506327
BlockSF,8.0,0.40951263138829375
BlockSF,32.0,0.19465337789151535
BlockSF,16.0,0.27088047602432314
BlockSF,4.0,0.484031140050177
BlockSF,128.0,0.21854610253561108
BlockSF,64.0,0.12692093768735666
BlockSF,256.0,NaN
FullSF,1.0,0.7350623963861248
FullSF,8.0,0.3668240352102747
FullSF,4.0,0.48345405474799935
FullSF,32.0,0.1840094344545862
FullSF,16.0,0.2612582395773678
FullSF,256.0,NaN
FullSF,128.0,0.18245973717174555
FullSF,64.0,0.150251079183492
DiagSF,2.0,0.6065449459648887
BlockSF,2.0,0.6175271376615799
DiagSF,32.0,0.2223428111995154
DiagSF,4.0,0.5131816522591609
DiagSF,8.0,0.40821428292337797
DiagSF,16.0,0.30360361748059556
DiagSF,64.0,0.1939318622568982
DiagSF,128.0,0.16945748862297927
DiagSF,1.0,0.7085593952219668
DiagSF,256.0,NaN
BlockSF,1.0,0.7231425774399735
BlockSF,4.0,0.5077335439972651
BlockSF,8.0,0.39012928125687174
BlockSF,16.0,0.2895277132078446
BlockSF,32.0,0.21571733328194898
BlockSF,64.0,0.16925456681261636
BlockSF,128.0,0.17832867671219677
BlockSF,256.0,NaN
FullSF,16.0,0.3288154450896634
FullSF,64.0,0.1476241765855474
FullSF,4.0,0.49712775795906117
FullSF,1.0,0.7229803128324178
FullSF,128.0,0.09471493799581315
FullSF,32.0,0.19854788794124373
FullSF,8.0,0.376910302662064
FullSF,256.0,0.10509633084562525
DiagSF,2.0,0.6163008207833847
DiagSF,8.0,0.371458560347754
DiagSF,4.0,0.4793014614299556
DiagSF,64.0,0.15785747726444224
DiagSF,16.0,0.2931684649673607
DiagSF,32.0,0.2486469309842685
DiagSF,1.0,0.7241765682705757
DiagSF,128.0,0.307805353746625
DiagSF,256.0,NaN
BlockSF,1.0,0.7369313793090834
BlockSF,8.0,0.37329982695604425
BlockSF,4.0,0.49067186814203373
BlockSF,32.0,0.22582272354049304
BlockSF,16.0,0.2648774979644768
BlockSF,64.0,0.2196160107452618
BlockSF,128.0,0.14239003435267503
BlockSF,256.0,NaN
FullSF,16.0,0.2998491477441682
FullSF,4.0,0.5022808067546889
FullSF,128.0,0.13708701249953703
FullSF,64.0,0.17879159500690903
FullSF,1.0,0.6913392780606835
FullSF,32.0,0.23663437141281246
FullSF,8.0,0.3700735852503859
FullSF,256.0,NaN
DiagSF,2.0,0.6007022085702007
BlockSF,2.0,0.6289409455316833
DiagSF,4.0,0.47774345519936584
DiagSF,8.0,0.39117304219878096
DiagSF,16.0,0.314653678198748
DiagSF,32.0,0.24390984144137223
DiagSF,128.0,0.27688982896978487
DiagSF,1.0,0.7194220198304706
DiagSF,256.0,NaN
DiagSF,64.0,0.2564351180269306
BlockSF,128.0,0.14796863132390228
BlockSF,1.0,0.7182649174625049
BlockSF,8.0,0.3844401117326419
BlockSF,4.0,0.48567038040280247
BlockSF,16.0,0.30595759988187887
BlockSF,32.0,0.23652380150367056
BlockSF,256.0,4.482471047596064e19
BlockSF,64.0,0.15746976686976188
FullSF,128.0,0.16471173785236354
FullSF,32.0,0.220377099937556
FullSF,8.0,0.39589133704075175
FullSF,1.0,0.6982037821690283
FullSF,16.0,0.30653385555331003
FullSF,4.0,0.49032343823991176
FullSF,256.0,NaN
FullSF,64.0,0.17681601549206843
DiagSF,2.0,0.6131912201364603
BlockSF,2.0,0.6149226895715365
DiagSF,8.0,0.3877711645642485
DiagSF,16.0,0.291650086697365
DiagSF,32.0,0.2680147132086677
DiagSF,128.0,0.2889620196967153
DiagSF,1.0,0.7501560075418078
DiagSF,64.0,0.2594414933617084
DiagSF,256.0,1.9520701955632096e67
DiagSF,4.0,0.507269928899883
BlockSF,1.0,0.7289160628441577
BlockSF,32.0,0.24419232735715649
BlockSF,8.0,0.3934791016495455
BlockSF,128.0,0.18036663204873674
BlockSF,64.0,0.17375954469208557
BlockSF,16.0,0.313048652986319
BlockSF,4.0,0.5104120405721876
BlockSF,256.0,NaN
FullSF,32.0,0.2086093616455646
FullSF,16.0,0.2676831690580101
FullSF,1.0,0.7188009887531401
FullSF,128.0,0.11974281909280379
FullSF,256.0,NaN
FullSF,8.0,0.39305120911223324
FullSF,64.0,0.20131703067478163
FullSF,4.0,0.5062218703752022
DiagSF,2.0,0.6127905617763763
BlockSF,2.0,0.6235916226662139
DiagSF,16.0,0.29122605323153244
DiagSF,8.0,0.3891028646987606
DiagSF,32.0,0.2675191893566468
DiagSF,64.0,0.19414100514889282
DiagSF,4.0,0.4892175184157117
DiagSF,128.0,0.22907392685559466
DiagSF,1.0,0.7398986126325541
DiagSF,256.0,NaN
BlockSF,1.0,0.7420242255779035
BlockSF,32.0,0.22263609602954704
BlockSF,64.0,0.1366561877185286
BlockSF,8.0,0.3842382536943759
BlockSF,128.0,0.10871160311509885
BlockSF,4.0,0.5045382963651005
BlockSF,16.0,0.3030797150296449
BlockSF,256.0,NaN
FullSF,64.0,0.19583474175811208
FullSF,32.0,0.1992878918423072
FullSF,4.0,0.5080481539522278
FullSF,1.0,0.7052824382448701
FullSF,128.0,0.11998290620762404
FullSF,8.0,0.38676009340395795
FullSF,256.0,0.2013324081226832
FullSF,16.0,0.2843405967322557
DiagSF,2.0,0.6057845348995903
DiagSF,1.0,0.7167244158948332
DiagSF,4.0,0.5043805980553016
DiagSF,256.0,NaN
DiagSF,128.0,0.2720625079069666
DiagSF,16.0,0.2711379418744058
DiagSF,64.0,0.22513515038589282
DiagSF,32.0,0.22289694589147657
DiagSF,8.0,0.4121702072115443
BlockSF,1.0,0.6968350790395822
BlockSF,16.0,0.292681478515606
BlockSF,4.0,0.5038736784437765
BlockSF,128.0,0.2297162792645427
BlockSF,32.0,0.24298255450695466
BlockSF,64.0,0.16397158896853825
BlockSF,8.0,0.3832836506174696
BlockSF,256.0,NaN
FullSF,4.0,0.48404764910208953
FullSF,16.0,0.2756862359720199
FullSF,1.0,0.7478344577812583
FullSF,64.0,0.15758573315634877
FullSF,128.0,0.0824161464761876
FullSF,32.0,0.17135782416300843
FullSF,8.0,0.37326292049023463
FullSF,256.0,NaN
DiagSF,2.0,0.6089476240254514
DiagSF,128.0,0.21968859034734775
DiagSF,1.0,0.7060873283812258
DiagSF,256.0,NaN
DiagSF,32.0,0.21124732769832535
DiagSF,16.0,0.30534185630390065
DiagSF,8.0,0.40828492722430776
DiagSF,4.0,0.4884783159951779
DiagSF,64.0,0.24984117355215724
BlockSF,128.0,0.14102658636060178
BlockSF,16.0,0.2772474656219015
BlockSF,32.0,0.2492205752929284
BlockSF,256.0,NaN
BlockSF,1.0,0.7259392054788447
BlockSF,8.0,0.3830172275029682
BlockSF,4.0,0.5015628634121017
BlockSF,64.0,0.21141456129841696
FullSF,1.0,0.7516107550122051
FullSF,128.0,0.10808340663127558
FullSF,16.0,0.271229010666874
FullSF,8.0,0.3885406615968298
FullSF,32.0,0.2127237611038685
FullSF,4.0,0.48714910387217714
FullSF,256.0,0.21771760743756108
FullSF,64.0,0.12396306911086082
DiagSF,2.0,0.6047936841401779
DiagSF,4.0,0.5024203432096005
DiagSF,16.0,0.29250081071598594
DiagSF,32.0,0.22459478344641942
DiagSF,8.0,0.38659712777294913
DiagSF,128.0,0.2679065053800629
DiagSF,256.0,4.069801160976609e95
DiagSF,64.0,0.16001937427658464
DiagSF,1.0,0.7301267857726916
BlockSF,256.0,NaN
BlockSF,1.0,0.7391354608078585
BlockSF,32.0,0.22654092677663856
BlockSF,8.0,0.38683030599625357
BlockSF,16.0,0.3002028014739957
BlockSF,128.0,0.15621663277620226
BlockSF,4.0,0.4963322045931953
BlockSF,64.0,0.22209996645993266
FullSF,32.0,0.21620907350768057
FullSF,8.0,0.37579861956158483
FullSF,16.0,0.31752700385528176
FullSF,256.0,NaN
FullSF,128.0,0.14645253185796792
FullSF,1.0,0.7081332365394861
FullSF,4.0,0.49366172334309977
FullSF,64.0,0.20779913820210777
DiagSF,2.0,0.6138742363112561
BlockSF,2.0,0.5933185910912028
DiagSF,128.0,0.28447185689041454
DiagSF,8.0,0.38749101939885755
DiagSF,4.0,0.4999280029780703
DiagSF,32.0,0.2089315005997498
DiagSF,16.0,0.29129131198402436
DiagSF,1.0,0.7124830899451863
DiagSF,256.0,NaN
DiagSF,64.0,0.2075819291987907
BlockSF,1.0,0.7293812874002746
BlockSF,32.0,0.24507912722570324
BlockSF,16.0,0.2919665664074933
BlockSF,4.0,0.5198245443331817
BlockSF,128.0,0.1985002411006727
BlockSF,8.0,0.38652398357519274
BlockSF,256.0,NaN
BlockSF,64.0,0.18479495166248683
FullSF,32.0,0.19962028891307135
FullSF,16.0,0.28192560988658233
FullSF,4.0,0.49437104164257467
FullSF,1.0,0.7352228713073572
FullSF,128.0,0.1439229848961008
FullSF,256.0,NaN
FullSF,8.0,0.38545575492705114
FullSF,64.0,0.198566769454548
DiagSF,2.0,0.6292257079825403
BlockSF,2.0,0.601009005266525
DiagSF,1.0,0.7276269146239357
DiagSF,4.0,0.5084260291208972
DiagSF,128.0,0.26156583295076474
DiagSF,32.0,0.20833300853662998
DiagSF,64.0,0.1937417888841574
DiagSF,256.0,NaN
DiagSF,8.0,0.3686078857359227
DiagSF,16.0,0.31837213575530865
BlockSF,1.0,0.7329511088830436
BlockSF,4.0,0.51076599968934
BlockSF,64.0,0.2131967666055816
BlockSF,128.0,0.18377478739503408
BlockSF,8.0,0.3743464239546424
BlockSF,32.0,0.23374399688342395
BlockSF,256.0,NaN
BlockSF,16.0,0.3088006829467545
FullSF,1.0,0.7084057983971824
FullSF,4.0,0.48869098992695986
FullSF,128.0,0.15703678732532322
FullSF,8.0,0.38448948642553415
FullSF,32.0,0.18297545146734356
FullSF,256.0,NaN
FullSF,64.0,0.18312157515655486
FullSF,16.0,0.26350450149473603
DiagSF,2.0,0.62537017461601
DiagSF,16.0,0.29164112105942963
DiagSF,64.0,0.22604674289266347
DiagSF,8.0,0.375879858745369
DiagSF,4.0,0.5133010708797069
DiagSF,32.0,0.22592432196887707
DiagSF,128.0,0.23177005935256903
DiagSF,1.0,0.7275940012367278
DiagSF,256.0,NaN
BlockSF,8.0,0.3831524475860009
BlockSF,64.0,0.2656051170280912
BlockSF,4.0,0.5017090184753771
BlockSF,16.0,0.27899442924731066
BlockSF,1.0,0.7464298594118817
BlockSF,32.0,0.21153648658763768
BlockSF,128.0,0.23241881753131632
BlockSF,256.0,NaN
FullSF,8.0,0.3898745059935956
FullSF,4.0,0.5060031593844732
FullSF,32.0,0.18197895172131057
FullSF,128.0,0.1196269042736664
FullSF,16.0,0.2814404091147414
FullSF,1.0,0.7541455799303365
FullSF,64.0,0.20071769902931294
FullSF,256.0,NaN
DiagSF,2.0,0.6058578266110195
DiagSF,4.0,0.5025436925195549
DiagSF,16.0,0.3137460034815913
DiagSF,8.0,0.38900088178943276
DiagSF,64.0,0.24664746382848893
DiagSF,32.0,0.2107060250022349
DiagSF,1.0,0.7121239252973035
DiagSF,128.0,0.24957067648422612
DiagSF,256.0,NaN
BlockSF,1.0,0.7392458509314522
BlockSF,16.0,0.28201393963983584
BlockSF,8.0,0.39348644140385053
BlockSF,4.0,0.490307658735296
BlockSF,64.0,0.21469258914997794
BlockSF,32.0,0.2508384205053727
BlockSF,128.0,0.141200346209146
BlockSF,256.0,NaN
FullSF,16.0,0.290778302077262
FullSF,8.0,0.3803616399734239
FullSF,64.0,0.22121155519354285
FullSF,1.0,0.7354275667280016
FullSF,4.0,0.4917216822818872
FullSF,32.0,0.2316430672833008
FullSF,128.0,0.11273826884563112
FullSF,256.0,NaN
DiagSF,2.0,0.61523705796575
BlockSF,2.0,0.604224874153425
DiagSF,128.0,0.26053530412659853
DiagSF,16.0,0.31304745618879565
DiagSF,4.0,0.497805980505507
DiagSF,32.0,0.22938300618268068
DiagSF,64.0,0.1990047889266344
DiagSF,1.0,0.7324979060688385
DiagSF,8.0,0.3906678284731032
DiagSF,256.0,3.212043883362927e111
BlockSF,1.0,0.7150326494827033
BlockSF,16.0,0.27172295529162277
BlockSF,128.0,0.1636094853098839
BlockSF,32.0,0.2375366107171966
BlockSF,4.0,0.4987435644773013
BlockSF,64.0,0.18514465811184502
BlockSF,8.0,0.3877051031953283
BlockSF,256.0,NaN
FullSF,16.0,0.26216061449358846
FullSF,32.0,0.23336230913664405
FullSF,1.0,0.733023493484971
FullSF,8.0,0.3837441018418315
FullSF,4.0,0.48201460171761235
FullSF,64.0,0.1652774980206887
FullSF,128.0,0.10739828405637665
FullSF,256.0,NaN
DiagSF,2.0,0.6054535378423198
BlockSF,2.0,0.614060328641176
DiagSF,64.0,0.21793982962501698
DiagSF,16.0,0.26030899670563723
DiagSF,8.0,0.3951809637026974
DiagSF,32.0,0.2166286309853375
DiagSF,128.0,0.1947608335460164
DiagSF,1.0,0.7354084217919443
DiagSF,256.0,NaN
DiagSF,4.0,0.49850077364777334
BlockSF,1.0,0.7323255695307811
BlockSF,16.0,0.291755486619813
BlockSF,32.0,0.19450432831366382
BlockSF,8.0,0.3789980234378137
BlockSF,128.0,0.26927643679947966
BlockSF,64.0,0.2003043883325744
BlockSF,4.0,0.503584557384735
BlockSF,256.0,NaN
FullSF,32.0,0.21437735024741517
FullSF,8.0,0.37939614661988136
FullSF,128.0,0.1389141549822862
FullSF,4.0,0.49710084276651123
FullSF,16.0,0.28882570872289826
FullSF,1.0,0.7476378792293192
FullSF,256.0,6.850610343616572e250
FullSF,64.0,0.182936459521475
DiagSF,2.0,0.619076749921715
DiagSF,4.0,0.5085009944555355
DiagSF,1.0,0.7256059186050577
DiagSF,32.0,0.24911182137941656
DiagSF,16.0,0.29443560597840224
DiagSF,128.0,0.236440469630715
DiagSF,64.0,0.20795036292602098
DiagSF,8.0,0.3834979567981666
DiagSF,256.0,NaN
BlockSF,4.0,0.5030124577233644
BlockSF,1.0,0.7276931394338173
BlockSF,16.0,0.2729104400112807
BlockSF,32.0,0.21248206912859804
BlockSF,8.0,0.4059091836133341
BlockSF,64.0,0.18658488912537402
BlockSF,128.0,0.21159246862313635
BlockSF,256.0,NaN
FullSF,16.0,0.2755722439791595
FullSF,1.0,0.7273807797328501
FullSF,4.0,0.49027814628543703
FullSF,32.0,0.17949864897822443
FullSF,8.0,0.3740659832899932
FullSF,64.0,0.1736981273386314
FullSF,128.0,0.11592640909965547
FullSF,256.0,0.27291134317118104
DiagSF,2.0,0.6089367537376827
BlockSF,2.0,0.618460159970088
DiagSF,1.0,0.7333796557983587
DiagSF,16.0,0.30917772242097585
DiagSF,32.0,0.24315070780502301
DiagSF,256.0,NaN
DiagSF,64.0,0.17047351954367912
DiagSF,4.0,0.47524366492871567
DiagSF,8.0,0.3823832321057622
DiagSF,128.0,0.22582400069826436
BlockSF,16.0,0.29346822692998076
BlockSF,1.0,0.7333999807224839
BlockSF,32.0,0.23519978654270915
BlockSF,4.0,0.49472630933066325
BlockSF,64.0,0.16937340876055207
BlockSF,8.0,0.37834636740809363
BlockSF,256.0,NaN
BlockSF,128.0,0.11142657969241374
FullSF,1.0,0.7726304647097708
FullSF,16.0,0.3015812298171394
FullSF,32.0,0.19499677188006542
FullSF,64.0,0.1535486002637216
FullSF,8.0,0.382993128420631
FullSF,4.0,0.49779693312815837
FullSF,128.0,0.15265390836114445
FullSF,256.0,NaN
DiagSF,2.0,0.6350375106164622
BlockSF,2.0,0.609652194158721
DiagSF,8.0,0.39115185756935517
DiagSF,1.0,0.7510841679032847
DiagSF,16.0,0.30102452305571503
DiagSF,4.0,0.5042236520797473
DiagSF,128.0,0.2679560623018712
DiagSF,64.0,0.3008639311741175
DiagSF,32.0,0.23458757630405966
DiagSF,256.0,NaN
BlockSF,1.0,0.7306935123136777
BlockSF,8.0,0.3913604221768529
BlockSF,16.0,0.30680343757806705
BlockSF,4.0,0.49427590078794265
BlockSF,128.0,0.12636251828062597
BlockSF,64.0,0.2518151001219153
BlockSF,32.0,0.20886825152515506
BlockSF,256.0,NaN
FullSF,1.0,0.7190702406678915
FullSF,8.0,0.39721597853237534
FullSF,4.0,0.4987962001374709
FullSF,128.0,0.1803021930068682
FullSF,16.0,0.2764687549361727
FullSF,64.0,0.15810289642457867
FullSF,32.0,0.17896818680325666
FullSF,256.0,NaN
DiagSF,2.0,0.6218137052729574
BlockSF,2.0,0.6091033913768483
DiagSF,4.0,0.49406425528438114
DiagSF,8.0,0.39147896731047793
DiagSF,16.0,0.2738925081818577
DiagSF,32.0,0.2370001242384448
DiagSF,64.0,0.23520651610896276
DiagSF,128.0,0.3271982121860644
DiagSF,256.0,NaN
DiagSF,1.0,0.7237895284080734
BlockSF,4.0,0.5241738389476795
BlockSF,8.0,0.3893077231815994
BlockSF,64.0,0.17690642064884773
BlockSF,16.0,0.29499157264981946
BlockSF,256.0,NaN
BlockSF,1.0,0.705058231494699
BlockSF,32.0,0.203125878275206
BlockSF,128.0,0.17681601052188053
FullSF,16.0,0.2981990962446694
FullSF,8.0,0.37918393759420044
FullSF,64.0,0.1521365628267005
FullSF,32.0,0.1959657794081245
FullSF,128.0,0.1414839238087963
FullSF,1.0,0.720907030629464
FullSF,4.0,0.4999702901879834
FullSF,256.0,NaN
DiagSF,2.0,0.610081987884109
BlockSF,2.0,0.6081018619371256
DiagSF,4.0,0.48131249973144763
DiagSF,128.0,0.1576579726906
DiagSF,16.0,0.2962055511019472
DiagSF,8.0,0.4038245886029832
DiagSF,64.0,0.1949757701947298
DiagSF,32.0,0.2717085042783157
DiagSF,256.0,3.2852807171862946e167
DiagSF,1.0,0.7371913135962508
BlockSF,1.0,0.7394327333974999
BlockSF,8.0,0.37676658546346914
BlockSF,128.0,0.1608479237369323
BlockSF,64.0,0.21733005809510922
BlockSF,4.0,0.5006219065504482
BlockSF,16.0,0.3155420256503305
BlockSF,32.0,0.21214627768958488
BlockSF,256.0,NaN
FullSF,8.0,0.4171634766869271
FullSF,64.0,0.19265660700682846
FullSF,16.0,0.28706986909004734
FullSF,32.0,0.22194433920092335
FullSF,4.0,0.49942653129453923
FullSF,128.0,0.13690206684940148
FullSF,1.0,0.7073294557452832
FullSF,256.0,NaN
DiagSF,2.0,0.6081877701410998
BlockSF,2.0,0.6275465999387314
DiagSF,16.0,0.3022768459290237
DiagSF,32.0,0.22892745391659577
DiagSF,8.0,0.40211343085489054
DiagSF,4.0,0.49407578783679884
DiagSF,64.0,0.19759005002721175
DiagSF,128.0,0.20156875113461745
DiagSF,1.0,0.7290000272738171
DiagSF,256.0,NaN
BlockSF,32.0,0.21250818342105607
BlockSF,16.0,0.3295345798175617
BlockSF,8.0,0.373804350248394
BlockSF,64.0,0.1670866382199953
BlockSF,4.0,0.49262683569928895
BlockSF,128.0,0.2395321911921048
BlockSF,1.0,0.7410162066203448
BlockSF,256.0,NaN
FullSF,64.0,0.1901478057386717
FullSF,32.0,0.2115826137025105
FullSF,8.0,0.3741915221304271
FullSF,16.0,0.2771579808881912
FullSF,128.0,0.20159971086867495
FullSF,4.0,0.4893111318998321
FullSF,1.0,0.7429837740913544
FullSF,256.0,0.09700822604246233
DiagSF,2.0,0.6109018582976578
BlockSF,2.0,0.6033817628372775
DiagSF,4.0,0.5091863312906435
DiagSF,16.0,0.31936680908328435
DiagSF,8.0,0.3893810006476286
DiagSF,32.0,0.24807269571854448
DiagSF,128.0,0.30576953236876336
DiagSF,64.0,0.23786793029205602
DiagSF,1.0,0.703329586957024
DiagSF,256.0,8.947119174169012e40
BlockSF,32.0,0.2176050583110744
BlockSF,4.0,0.4882619583498884
BlockSF,16.0,0.3143278026436911
BlockSF,128.0,0.10751754877065789
BlockSF,8.0,0.37948104077121436
BlockSF,1.0,0.7450069778332391
BlockSF,64.0,0.20660360847795073
BlockSF,256.0,NaN
FullSF,128.0,0.20560113234113928
FullSF,4.0,0.5078158467154139
FullSF,16.0,0.321825329662998
FullSF,8.0,0.38341036003855783
FullSF,64.0,0.14535537203774387
FullSF,32.0,0.22115345957238722
FullSF,1.0,0.7313647473947543
FullSF,256.0,NaN
DiagSF,2.0,0.5962575509356376
BlockSF,2.0,0.5930827589958675
DiagSF,256.0,NaN
DiagSF,1.0,0.7134515440568485
DiagSF,64.0,0.21955569755461588
DiagSF,128.0,0.19751933639428473
DiagSF,4.0,0.5038939993342473
DiagSF,32.0,0.2341755703823341
DiagSF,8.0,0.38704260986148165
DiagSF,16.0,0.3134638066266155
BlockSF,1.0,0.748228145971135
BlockSF,128.0,0.09633203512195766
BlockSF,256.0,NaN
BlockSF,64.0,0.17117171439519865
BlockSF,4.0,0.49349177208933326
BlockSF,8.0,0.39189072587968227
BlockSF,32.0,0.20473043397690482
BlockSF,16.0,0.3016368139033537
FullSF,1.0,0.7075538516011746
FullSF,64.0,0.11846785704927476
FullSF,128.0,0.16159849527281173
FullSF,256.0,NaN
FullSF,4.0,0.4913523162778621
FullSF,32.0,0.18241689755921633
FullSF,8.0,0.39325728175142644
FullSF,16.0,0.3069974932866191
DiagSF,2.0,0.616530828477369
DiagSF,256.0,NaN
DiagSF,16.0,0.2999536866386918
DiagSF,128.0,0.2587896777896064
DiagSF,1.0,0.7066567349040619
DiagSF,64.0,0.17345919292973858
DiagSF,4.0,0.4867202034459449
DiagSF,32.0,0.2502103147592545
DiagSF,8.0,0.36799393506191086
BlockSF,128.0,0.17616558681395353
BlockSF,256.0,NaN
BlockSF,1.0,0.7499971958151734
BlockSF,4.0,0.48522852038941844
BlockSF,16.0,0.2895320488183949
BlockSF,64.0,0.2158383293056973
BlockSF,32.0,0.20462367040532506
BlockSF,8.0,0.3892570854716153
FullSF,1.0,0.7306338931592584
FullSF,128.0,0.15512357196531146
FullSF,32.0,0.2359925203149994
FullSF,256.0,NaN
FullSF,64.0,0.15301092733883412
FullSF,4.0,0.5110127572934128
FullSF,16.0,0.3001448582699677
FullSF,8.0,0.38794308520000953
DiagSF,2.0,0.6131247024482235
BlockSF,2.0,0.6250523370933903
DiagSF,64.0,0.24206587723477604
DiagSF,1.0,0.7365195023705112
DiagSF,4.0,0.48487081634942975
DiagSF,32.0,0.26275434162346784
DiagSF,16.0,0.30869230285112426
DiagSF,8.0,0.39358359112024033
DiagSF,256.0,NaN
DiagSF,128.0,0.15098501632384045
BlockSF,1.0,0.7451605135990128
BlockSF,4.0,0.5080655114409037
BlockSF,64.0,0.17951915363205634
BlockSF,256.0,NaN
BlockSF,32.0,0.2138324354808017
BlockSF,16.0,0.3093769660178432
BlockSF,8.0,0.40292454923786813
BlockSF,128.0,0.19364995749841096
FullSF,1.0,0.7142930534709242
FullSF,16.0,0.2800940997938283
FullSF,4.0,0.4979833120874217
FullSF,256.0,NaN
FullSF,32.0,0.20195071180720028
FullSF,64.0,0.15784564750218943
FullSF,128.0,0.11929763738140675
FullSF,8.0,0.3935459599245859
DiagSF,2.0,0.6090790233749024
DiagSF,1.0,0.7348426845002766
DiagSF,16.0,0.31433682023747067
DiagSF,4.0,0.5021986747244422
DiagSF,8.0,0.392237489139659
DiagSF,256.0,NaN
DiagSF,128.0,0.14099204844558685
DiagSF,64.0,0.167956302235277
DiagSF,32.0,0.24299250962544822
BlockSF,1.0,0.7619695412503082
BlockSF,256.0,3.892049927188619e254
BlockSF,16.0,0.2898983859226562
BlockSF,8.0,0.3672886588891151
BlockSF,4.0,0.4996425579958931
BlockSF,64.0,0.23370618740696802
BlockSF,128.0,0.21939926217943256
BlockSF,32.0,0.24116770643060104
FullSF,1.0,0.7391409334690422
FullSF,16.0,0.2935808117112741
FullSF,256.0,NaN
FullSF,8.0,0.38053152316776767
FullSF,64.0,0.1499327004657111
FullSF,4.0,0.5031866586721767
FullSF,128.0,0.17474085717722648
FullSF,32.0,0.17600729298115783
DiagSF,2.0,0.6139035915851373
BlockSF,2.0,0.622122919139905
DiagSF,256.0,NaN
DiagSF,1.0,0.7367976538447661
DiagSF,32.0,0.2863257181719242
DiagSF,128.0,0.2875978836991459
DiagSF,8.0,0.4035570254582148
DiagSF,16.0,0.2844843264645949
DiagSF,4.0,0.5032102452497997
DiagSF,64.0,0.2661851042546832
BlockSF,1.0,0.755882314579658
BlockSF,256.0,1.6788379575499437e121
BlockSF,8.0,0.40477926505631984
BlockSF,32.0,0.2535035118770625
BlockSF,16.0,0.3233061172018974
BlockSF,128.0,0.10759713994310947
BlockSF,4.0,0.49938122780735267
BlockSF,64.0,0.24917434205991212
FullSF,1.0,0.7279982604226314
FullSF,256.0,NaN
FullSF,8.0,0.3914559367695379
FullSF,32.0,0.2507291252063984
FullSF,128.0,0.14826032506669223
FullSF,16.0,0.2808992225637092
FullSF,4.0,0.5112856911484401
FullSF,64.0,0.18555116565815
DiagSF,2.0,0.6339902156059526
BlockSF,2.0,0.5998968546462193
DiagSF,1.0,0.7397051626847971
DiagSF,8.0,0.40809006462397734
DiagSF,4.0,0.5059025422855714
DiagSF,256.0,NaN
DiagSF,16.0,0.2991067620660536
DiagSF,128.0,0.2423268302009663
DiagSF,32.0,0.23437716705333694
DiagSF,64.0,0.22775668073382185
BlockSF,1.0,0.7176756547010189
BlockSF,8.0,0.3926175307007371
BlockSF,256.0,NaN
BlockSF,4.0,0.4887408811073121
BlockSF,32.0,0.25716409438544224
BlockSF,64.0,0.20522745897737651
BlockSF,16.0,0.2780898432729134
BlockSF,128.0,0.235218418458397
FullSF,1.0,0.7252826085786749
FullSF,32.0,0.19485700012675825
FullSF,128.0,0.18258290286347043
FullSF,256.0,NaN
FullSF,8.0,0.39728254804879665
FullSF,64.0,0.19192625550172362
FullSF,4.0,0.49557557552460774
FullSF,16.0,0.2911297480284827
DiagSF,2.0,0.583761345161886
DiagSF,1.0,0.7012622213058607
DiagSF,8.0,0.3998819610728231
DiagSF,4.0,0.4875522641437027
DiagSF,64.0,0.2378970583056728
DiagSF,128.0,0.2674980045465454
DiagSF,16.0,0.30193708811725783
DiagSF,256.0,NaN
DiagSF,32.0,0.22828291893304062
BlockSF,1.0,0.6961585847179917
BlockSF,128.0,0.14202739949850912
BlockSF,8.0,0.38880807320462496
BlockSF,64.0,0.2279175102476
BlockSF,4.0,0.48632000162261735
BlockSF,16.0,0.28141301792165757
BlockSF,256.0,NaN
BlockSF,32.0,0.21912965132177237
FullSF,1.0,0.7267584002262371
FullSF,128.0,0.147709989021984
FullSF,8.0,0.37349085717820296
FullSF,64.0,0.1724388606975809
FullSF,4.0,0.48719578122712254
FullSF,16.0,0.29751122909959204
FullSF,256.0,NaN
FullSF,32.0,0.2036179383768144
DiagSF,2.0,0.6107310535588438
BlockSF,2.0,0.5965521620278318
DiagSF,4.0,0.5012909668105318
DiagSF,8.0,0.3941699206859918
DiagSF,32.0,0.2603290288893025
DiagSF,64.0,0.18078329574688295
DiagSF,16.0,0.30194431429000945
DiagSF,128.0,0.23725730973576717
DiagSF,1.0,0.7546629033541171
DiagSF,256.0,NaN
BlockSF,4.0,0.48875198442351747
BlockSF,32.0,0.2482973862121803
BlockSF,1.0,0.7591572356117522
BlockSF,64.0,0.21760751386688626
BlockSF,128.0,0.2008953057510787
BlockSF,8.0,0.3929187447138871
BlockSF,16.0,0.2917714401293385
BlockSF,256.0,7.674401849899181e79
FullSF,1.0,0.6987433329545323
FullSF,128.0,0.17372630615797344
FullSF,8.0,0.3947646126580809
FullSF,4.0,0.4923849029089893
FullSF,64.0,0.09858567452243325
FullSF,16.0,0.2743255846893452
FullSF,32.0,0.20955712892351375
FullSF,256.0,NaN
DiagSF,2.0,0.5932342158233679
BlockSF,2.0,0.6325450648249809
DiagSF,8.0,0.38711749244735316
DiagSF,16.0,0.31375891411823786
DiagSF,1.0,0.7407082205912459
DiagSF,4.0,0.4901695355706769
DiagSF,64.0,0.21019185646374292
DiagSF,32.0,0.23837175323574616
DiagSF,128.0,0.2082921604849999
DiagSF,256.0,1.5915176659669201e81
BlockSF,1.0,0.7226763150421983
BlockSF,16.0,0.2876207135013408
BlockSF,64.0,0.1681026755774511
BlockSF,4.0,0.514415677397012
BlockSF,8.0,0.3950308241686477
BlockSF,256.0,NaN
BlockSF,32.0,0.2210047907069197
BlockSF,128.0,0.15391199917972231
FullSF,64.0,0.15959788113448178
FullSF,4.0,0.49702727261092483
FullSF,16.0,0.3017348759531774
FullSF,256.0,NaN
FullSF,32.0,0.22799946346271308
FullSF,128.0,0.2052192349618216
FullSF,1.0,0.7237197840632207
FullSF,8.0,0.3950234488781174
DiagSF,2.0,0.6237744768020256
BlockSF,2.0,0.6032325972443839
DiagSF,1.0,0.740707565167485
DiagSF,256.0,5.29533699653997e92
DiagSF,64.0,0.18676617438277682
DiagSF,16.0,0.3099065402083641
DiagSF,4.0,0.4842867546136632
DiagSF,8.0,0.3655577592746956
DiagSF,32.0,0.22244224475277888
DiagSF,128.0,0.2553178242127933
BlockSF,1.0,0.7213979947020759
BlockSF,256.0,NaN
BlockSF,4.0,0.5106813565815964
BlockSF,32.0,0.2599684230715502
BlockSF,16.0,0.3042243955399118
BlockSF,128.0,0.17120237910104127
BlockSF,64.0,0.15005409042801188
BlockSF,8.0,0.40627576963595036
FullSF,1.0,0.7214699205438799
FullSF,256.0,NaN
FullSF,64.0,0.1919220184530385
FullSF,4.0,0.4778663385978703
FullSF,32.0,0.193319322844857
FullSF,16.0,0.28833611388611036
FullSF,128.0,0.1550586714730256
FullSF,8.0,0.38495980030878796
DiagSF,2.0,0.6260014282542179
DiagSF,4.0,0.4920381107788759
DiagSF,8.0,0.3982155862940476
DiagSF,16.0,0.2804732850243429
DiagSF,64.0,0.19523583746861314
DiagSF,1.0,0.7341335309770642
DiagSF,32.0,0.22114394852923613
DiagSF,128.0,0.13178044102269715
DiagSF,256.0,NaN
BlockSF,1.0,0.7384976966192036
BlockSF,64.0,0.16993683549649463
BlockSF,16.0,0.2906063952627154
BlockSF,4.0,0.49117488700643663
BlockSF,32.0,0.19920668669622488
BlockSF,8.0,0.3891937013678797
BlockSF,128.0,0.18314814978362365
BlockSF,256.0,NaN
FullSF,1.0,0.7210844174870307
FullSF,64.0,0.1764947445341635
FullSF,32.0,0.21949128323697195
FullSF,128.0,0.13537158346740727
FullSF,16.0,0.2701098826994642
FullSF,4.0,0.4888692092147475
FullSF,8.0,0.3862337840630234
FullSF,256.0,NaN
DiagSF,2.0,0.6211890399491049
BlockSF,2.0,0.6202036688296005
DiagSF,256.0,NaN
DiagSF,16.0,0.2859498476226367
DiagSF,1.0,0.7293312011785923
DiagSF,64.0,0.23740906185626015
DiagSF,128.0,0.25164714457669995
DiagSF,32.0,0.2506883023198265
DiagSF,4.0,0.4902492722491713
DiagSF,8.0,0.3796885167302121
BlockSF,256.0,NaN
BlockSF,1.0,0.7286312182542497
BlockSF,32.0,0.23519762909777125
BlockSF,128.0,0.13193620253820046
BlockSF,16.0,0.3168068924146811
BlockSF,64.0,0.2331938113524525
BlockSF,4.0,0.4971017311229336
BlockSF,8.0,0.39344394153436013
FullSF,1.0,0.7591092265833241
FullSF,256.0,NaN
FullSF,32.0,0.22368044369150852
FullSF,128.0,0.09832650781604808
FullSF,64.0,0.159887346900455
FullSF,16.0,0.26801256329161954
FullSF,4.0,0.4885289603407508
FullSF,8.0,0.3799447777417675
DiagSF,2.0,0.6244337903663988
BlockSF,2.0,0.6191682069344869
DiagSF,64.0,0.2908325456521094
DiagSF,4.0,0.4921551751981183
DiagSF,8.0,0.38221765308464634
DiagSF,16.0,0.2815567924212288
DiagSF,32.0,0.2556466902625196
DiagSF,128.0,0.28610296726742035
DiagSF,1.0,0.7062554446133588
DiagSF,256.0,NaN
BlockSF,64.0,0.1852677535086263
BlockSF,1.0,0.7500671435282945
BlockSF,4.0,0.5097873437032839
BlockSF,8.0,0.3767364149277129
BlockSF,16.0,0.2939442373622976
BlockSF,32.0,0.21584225774579438
BlockSF,128.0,0.1949308134484331
BlockSF,256.0,NaN
FullSF,8.0,0.3850346084396921
FullSF,16.0,0.2862103261578582
FullSF,64.0,0.18170032391291474
FullSF,32.0,0.22069054885427075
FullSF,4.0,0.5003295786147829
FullSF,1.0,0.7388003807193853
FullSF,128.0,0.20899091326369854
FullSF,256.0,NaN
DiagSF,2.0,0.5996801278646006
BlockSF,2.0,0.617980800840225
DiagSF,4.0,0.48811688504127315
DiagSF,32.0,0.2241823480618973
DiagSF,8.0,0.38542602344781196
DiagSF,16.0,0.31942481412660745
DiagSF,64.0,0.2111866811051929
DiagSF,128.0,0.23688134050291312
DiagSF,256.0,NaN
DiagSF,1.0,0.7462666578756842
BlockSF,4.0,0.4714863351961128
BlockSF,16.0,0.325728544113703
BlockSF,8.0,0.3848896155337625
BlockSF,32.0,0.2553713943521162
BlockSF,1.0,0.7266412082161771
BlockSF,64.0,0.22646185715610478
BlockSF,256.0,NaN
BlockSF,128.0,0.09373384724569354
FullSF,16.0,0.28547209667072776
FullSF,4.0,0.49449702935492806
FullSF,8.0,0.36979648089054673
FullSF,64.0,0.17617728027472396
FullSF,32.0,0.23225732980069305
FullSF,256.0,NaN
FullSF,1.0,0.7405384381430004
FullSF,128.0,0.14317116240852767
DiagSF,2.0,0.6286731736721443
BlockSF,2.0,0.6156443819065355
DiagSF,32.0,0.2863651974210833
DiagSF,1.0,0.7202697991248604
DiagSF,8.0,0.37816324419126296
DiagSF,4.0,0.5069217981926072
DiagSF,64.0,0.15968314029268874
DiagSF,256.0,NaN
DiagSF,16.0,0.2926137484193993
DiagSF,128.0,0.22498448156516093
BlockSF,1.0,0.7262146689168264
BlockSF,8.0,0.39405687334597306
BlockSF,32.0,0.2669818007368406
BlockSF,4.0,0.49505495844592096
BlockSF,16.0,0.2989847832997969
BlockSF,64.0,0.1987240829991582
BlockSF,256.0,NaN
BlockSF,128.0,0.20836099039901634
FullSF,1.0,0.7125314274824676
FullSF,4.0,0.4847905306116503
FullSF,32.0,0.2233913063238071
FullSF,8.0,0.3935808063852747
FullSF,16.0,0.30848709434821775
FullSF,64.0,0.19843719399645304
FullSF,256.0,NaN
FullSF,128.0,0.12130744221910877
DiagSF,2.0,0.6228872824906103
DiagSF,256.0,NaN
DiagSF,1.0,0.7307636177229949
DiagSF,128.0,0.23711058057520698
DiagSF,64.0,0.1862310081200076
DiagSF,8.0,0.37998335294274405
DiagSF,16.0,0.28416204159385017
DiagSF,4.0,0.47702702709590084
DiagSF,32.0,0.25882512227598126
BlockSF,256.0,NaN
BlockSF,128.0,0.18576618309018308
BlockSF,1.0,0.7352420454836616
BlockSF,8.0,0.37735148644727884
BlockSF,64.0,0.21978392175509334
BlockSF,32.0,0.21727696574803015
BlockSF,16.0,0.29903967653288227
BlockSF,4.0,0.4967664989981388
FullSF,256.0,NaN
FullSF,1.0,0.7263540518509294
FullSF,8.0,0.3797102403793206
FullSF,128.0,0.059700571783377836
FullSF,64.0,0.1640856104258029
FullSF,16.0,0.28187386654767793
FullSF,32.0,0.21862015781524827
FullSF,4.0,0.47866978419324824
DiagSF,1.0,0.7328853351295831
DiagSF,128.0,0.19781637379669517
DiagSF,4.0,0.5182343731463361
DiagSF,16.0,0.29633814466114955
DiagSF,256.0,NaN
DiagSF,32.0,0.212874027558677
DiagSF,64.0,0.31204358753987355
DiagSF,8.0,0.3887338431601539
BlockSF,128.0,0.12184492653554994
BlockSF,32.0,0.2276277015588522
BlockSF,16.0,0.29360272820012656
BlockSF,4.0,0.4978263491206299
BlockSF,1.0,0.7309253672480408
BlockSF,64.0,0.1448520135966019
BlockSF,256.0,NaN
BlockSF,8.0,0.38432782365749335
DiagSF,16.0,0.29483766294964997
DiagSF,8.0,0.39686481049029504
DiagSF,64.0,0.18291406411276054
DiagSF,32.0,0.21049057136966598
DiagSF,1.0,0.7263271933227118
DiagSF,128.0,0.2329448706400387
DiagSF,256.0,NaN
DiagSF,4.0,0.4888358567833286
BlockSF,1.0,0.7252672462350972
BlockSF,64.0,0.1599096315714505
BlockSF,16.0,0.30458950467269835
BlockSF,8.0,0.37939638128370873
BlockSF,32.0,0.21085186850392884
BlockSF,256.0,4.921261900359239e74
BlockSF,128.0,0.1654606286199523
BlockSF,4.0,0.48324679800120834
FullSF,64.0,0.1887870262699098
FullSF,16.0,0.2878575728140584
FullSF,1.0,0.7174350274551907
FullSF,8.0,0.37420420148155825
FullSF,32.0,0.25369801128477826
FullSF,256.0,NaN
FullSF,128.0,0.21592009151430558
FullSF,4.0,0.5123908409660015
DiagSF,2.0,0.6168066084178708
BlockSF,2.0,0.6264006148263167
DiagSF,1.0,0.7228686975992211
DiagSF,4.0,0.5061159572005507
DiagSF,32.0,0.21668652727435453
DiagSF,8.0,0.39183882592000013
DiagSF,256.0,NaN
DiagSF,128.0,0.27089359994604534
DiagSF,64.0,0.2202955266011121
DiagSF,16.0,0.28951412154620915
BlockSF,1.0,0.736196356564392
BlockSF,4.0,0.4944985330424143
BlockSF,32.0,0.2526781773877379
BlockSF,8.0,0.3774969650527294
BlockSF,64.0,0.19505799013658925
BlockSF,128.0,0.15194685048250145
BlockSF,256.0,NaN
BlockSF,16.0,0.304551124179157
FullSF,4.0,0.4717950488901316
FullSF,8.0,0.396345408529724
FullSF,32.0,0.2076048079249881
FullSF,64.0,0.17531372605954784
FullSF,1.0,0.7357086263705547
FullSF,16.0,0.2897562674736937
FullSF,128.0,0.13054070605982265
FullSF,256.0,NaN
DiagSF,2.0,0.6017253713213013
BlockSF,2.0,0.6238444439261389
DiagSF,16.0,0.2753910208688637
DiagSF,64.0,0.18359262595494794
DiagSF,32.0,0.24760506697183682
DiagSF,8.0,0.3799008153398189
DiagSF,256.0,NaN
DiagSF,1.0,0.724073425261362
DiagSF,4.0,0.5026784122326979
DiagSF,128.0,0.2449406816309976
BlockSF,1.0,0.7238312402612227
BlockSF,8.0,0.4085397068307284
BlockSF,16.0,0.3055418844951508
BlockSF,64.0,0.22373531592889204
BlockSF,32.0,0.1991685692731704
BlockSF,256.0,Inf
BlockSF,128.0,0.1426988549004951
BlockSF,4.0,0.48996515730662055
FullSF,32.0,0.19893846194816778
FullSF,8.0,0.3775188740710733
FullSF,256.0,NaN
FullSF,64.0,0.11361904666724941
FullSF,16.0,0.27758328635944995
FullSF,1.0,0.7218704699928491
FullSF,128.0,0.2415696058862285
FullSF,4.0,0.4853644432880775
DiagSF,32.0,0.20898665875759714
DiagSF,16.0,0.3018867138654336
DiagSF,8.0,0.37663218690366607
DiagSF,64.0,0.16662206914880856
DiagSF,4.0,0.48409140101919135
DiagSF,128.0,0.20689653450496756
DiagSF,1.0,0.7173538849373645
DiagSF,256.0,7.2486415741645935e53
BlockSF,8.0,0.3798248678818915
BlockSF,1.0,0.7324183593117082
BlockSF,64.0,0.15983674800073464
BlockSF,32.0,0.23376751594164663
BlockSF,16.0,0.28145696400935655
BlockSF,4.0,0.47234627769412807
BlockSF,128.0,0.17838132846874752
BlockSF,256.0,NaN
FullSF,64.0,0.16336544193176292
FullSF,128.0,0.14485076590522603
FullSF,8.0,0.3852760609287371
FullSF,32.0,0.17508412680119376
FullSF,16.0,0.2753929182223625
FullSF,4.0,0.4845217753869529
FullSF,1.0,0.7275331079168479
FullSF,256.0,NaN
DiagSF,8.0,0.39288497988803195
DiagSF,16.0,0.28289178321505365
DiagSF,1.0,0.7344641819951259
DiagSF,32.0,0.22300322592562075
DiagSF,128.0,0.18196290965543302
DiagSF,64.0,0.23352607375673765
DiagSF,4.0,0.5090347465672742
DiagSF,256.0,3.181257846666277e88
BlockSF,1.0,0.7027596782585563
BlockSF,32.0,0.24630522496956872
BlockSF,8.0,0.3915140178617857
BlockSF,16.0,0.30996679226527846
BlockSF,128.0,0.11251820467485277
BlockSF,64.0,0.22004158811202768
BlockSF,256.0,NaN
BlockSF,4.0,0.4879264433912932
FullSF,32.0,0.2329701403563568
FullSF,16.0,0.28903325655152035
FullSF,1.0,0.7179143679330543
FullSF,8.0,0.4011958504257427
FullSF,128.0,0.10583505366873444
FullSF,256.0,0.20411467415211318
FullSF,4.0,0.49221530648591727
FullSF,64.0,0.15389885824918192
DiagSF,2.0,0.6104170852112986
BlockSF,2.0,0.5989316932296449
DiagSF,32.0,0.25597398619444545
DiagSF,64.0,0.19840133437030064
DiagSF,16.0,0.31553068101984616
DiagSF,4.0,0.5028841074462037
DiagSF,8.0,0.3940448208242087
DiagSF,256.0,NaN
DiagSF,1.0,0.7434805492438687
DiagSF,128.0,0.23842962367558293
BlockSF,1.0,0.7367260455901069
BlockSF,256.0,NaN
BlockSF,16.0,0.30404777461923393
BlockSF,8.0,0.38074548640797956
BlockSF,4.0,0.4933203994949127
BlockSF,32.0,0.1964551029952588
BlockSF,64.0,0.22667208566630223
BlockSF,128.0,0.17073452715900084
FullSF,4.0,0.49504747283325495
FullSF,8.0,0.3629258644367829
FullSF,32.0,0.22599241315314167
FullSF,16.0,0.29297024916127407
FullSF,64.0,0.16523341292915011
FullSF,1.0,0.756591229238588
FullSF,256.0,NaN
FullSF,128.0,0.16704188203419323
DiagSF,2.0,0.6143082161530096
BlockSF,2.0,0.6083098104569665
DiagSF,8.0,0.3673848691015435
DiagSF,16.0,0.2950611200700704
DiagSF,32.0,0.2671951211861795
DiagSF,64.0,0.22562125308622294
DiagSF,4.0,0.5023396075628717
DiagSF,128.0,0.21616648936806968
DiagSF,1.0,0.7369253132197063
DiagSF,256.0,NaN
BlockSF,8.0,0.3879625624729394
BlockSF,32.0,0.23651681216404338
BlockSF,16.0,0.28567589131456583
BlockSF,64.0,0.2233087593087747
BlockSF,4.0,0.48895302465484625
BlockSF,1.0,0.7338452949038059
BlockSF,128.0,0.1207350718438234
BlockSF,256.0,6.591126865942095e63
FullSF,32.0,0.23025696422886596
FullSF,64.0,0.1627783304700832
FullSF,4.0,0.494077959000027
FullSF,16.0,0.2854064578504174
FullSF,128.0,0.1066805932448297
FullSF,8.0,0.37448208827083335
FullSF,1.0,0.7501747597406282
FullSF,256.0,NaN
DiagSF,2.0,0.6233950618172076
BlockSF,2.0,0.5933283618189555
DiagSF,1.0,0.759927993102446
DiagSF,4.0,0.4967396565285698
DiagSF,32.0,0.23435084233041048
DiagSF,128.0,0.29553884488446464
DiagSF,16.0,0.29204973107096494
DiagSF,256.0,NaN
DiagSF,8.0,0.37494307812563715
DiagSF,64.0,0.20412605494515015
BlockSF,1.0,0.7406774232992436
BlockSF,256.0,NaN
BlockSF,32.0,0.23752830093460736
BlockSF,8.0,0.39300692854799374
BlockSF,128.0,0.24973287954659898
BlockSF,16.0,0.30628662124510325
BlockSF,64.0,0.1832167559374055
BlockSF,4.0,0.4910242374998498
FullSF,1.0,0.7330110440377885
FullSF,256.0,NaN
FullSF,32.0,0.19764235504429747
FullSF,128.0,0.2261625848461587
FullSF,16.0,0.2776084620557125
FullSF,8.0,0.40120681929032015
FullSF,64.0,0.16261170404234176
FullSF,4.0,0.4911570901329705
DiagSF,4.0,0.49677429907608095
DiagSF,8.0,0.3895778714529433
DiagSF,256.0,2.398946558923118e90
DiagSF,32.0,0.2281496359279481
DiagSF,1.0,0.73647920515284
DiagSF,16.0,0.2860191102761845
DiagSF,64.0,0.2868389884373699
DiagSF,128.0,0.2723296868340092
BlockSF,1.0,0.7318266651771265
BlockSF,64.0,0.1506375026191295
BlockSF,32.0,0.22536461169155084
BlockSF,128.0,0.3213632304094013
BlockSF,4.0,0.49691015191871124
BlockSF,16.0,0.31229551831691077
BlockSF,8.0,0.39906393945963514
BlockSF,256.0,NaN
FullSF,1.0,0.7483480936297131
FullSF,64.0,0.1778509104445522
FullSF,4.0,0.49679257552856493
FullSF,32.0,0.19689429813500825
FullSF,16.0,0.3008508705029106
FullSF,128.0,0.16549907479112022
FullSF,8.0,0.3838286908598058
FullSF,256.0,NaN
DiagSF,1.0,0.7399587317767345
DiagSF,256.0,NaN
DiagSF,64.0,0.25733195891612864
DiagSF,128.0,0.2302827447252061
DiagSF,16.0,0.2873704371316962
DiagSF,4.0,0.49953012571700683
DiagSF,8.0,0.4041652960421264
DiagSF,32.0,0.199954140851424
BlockSF,1.0,0.722638974389358
BlockSF,64.0,0.2402640839589474
BlockSF,128.0,0.18810596182764283
BlockSF,256.0,NaN
BlockSF,32.0,0.21969046762411593
BlockSF,4.0,0.5012561154790228
BlockSF,16.0,0.2993036805480458
BlockSF,8.0,0.3914842904593554
FullSF,1.0,0.7147109467274886
FullSF,256.0,NaN
FullSF,32.0,0.21826957771451097
FullSF,16.0,0.286742084278673
FullSF,64.0,0.1686009792395104
FullSF,128.0,0.11501804787930277
FullSF,4.0,0.4932720908676538
FullSF,8.0,0.39236647355776605
DiagSF,2.0,0.6186166880339318
BlockSF,2.0,0.623326488502285
DiagSF,64.0,0.24243798558223875
DiagSF,256.0,1.0286362477027552e246
DiagSF,32.0,0.2471243474616299
DiagSF,16.0,0.2926552514546855
DiagSF,1.0,0.73224052599161
DiagSF,8.0,0.3662931333875979
DiagSF,4.0,0.4927059811727632
DiagSF,128.0,0.28004667948878853
BlockSF,256.0,NaN
BlockSF,1.0,0.7290604819492288
BlockSF,64.0,0.22248299832524576
BlockSF,128.0,0.1992662297298739
BlockSF,16.0,0.3032934631372194
BlockSF,32.0,0.20348312645667213
BlockSF,4.0,0.5173649583043042
BlockSF,8.0,0.3802803308872125
FullSF,1.0,0.7441612347280763
FullSF,64.0,0.1514570078730581
FullSF,256.0,NaN
FullSF,128.0,0.1360296691444585
FullSF,16.0,0.27595342848116616
FullSF,32.0,0.21409127434520256
FullSF,8.0,0.3859153397841137
FullSF,4.0,0.47095792433521944
DiagSF,2.0,0.6171268360495527
BlockSF,2.0,0.6177817155872859
DiagSF,32.0,0.23033221059866515
DiagSF,1.0,0.7215610455323015
DiagSF,8.0,0.38998494199020045
DiagSF,128.0,0.16018929987819838
DiagSF,16.0,0.28189001534269026
DiagSF,64.0,0.1923570327594447
DiagSF,256.0,NaN
DiagSF,4.0,0.4912050538272294
BlockSF,1.0,0.742148161090951
BlockSF,16.0,0.30343387042491565
BlockSF,256.0,NaN
BlockSF,32.0,0.23753463447525774
BlockSF,64.0,0.21382082334291888
BlockSF,8.0,0.3997320908611933
BlockSF,128.0,0.20351061667430295
BlockSF,4.0,0.4866349927895701
FullSF,1.0,0.7381986994550426
FullSF,16.0,0.28898737290272913
FullSF,256.0,NaN
FullSF,8.0,0.3742851967285518
FullSF,32.0,0.19532347183405374
FullSF,128.0,0.1334948948986882
FullSF,64.0,0.17103560790408737
FullSF,4.0,0.4964206472604662
DiagSF,2.0,0.6152368473849844
DiagSF,1.0,0.7210106719995502
DiagSF,32.0,0.2822634742605115
DiagSF,128.0,0.17152336325981224
DiagSF,4.0,0.4884141363492428
DiagSF,256.0,NaN
DiagSF,16.0,0.31158369324688745
DiagSF,8.0,0.37957073226072113
DiagSF,64.0,0.21998163551054264
BlockSF,1.0,0.6980703491878333
BlockSF,16.0,0.29536736123837537
BlockSF,128.0,0.27069246372579336
BlockSF,4.0,0.5057621662487002
BlockSF,64.0,0.17502833907673176
BlockSF,256.0,NaN
BlockSF,8.0,0.3902702126685938
BlockSF,32.0,0.23856449353335585
FullSF,4.0,0.48657463115064997
FullSF,64.0,0.1589792363411565
FullSF,8.0,0.3726362566520285
FullSF,16.0,0.2904048071979742
FullSF,256.0,NaN
FullSF,1.0,0.7318710757558056
FullSF,128.0,0.17400216409071306
FullSF,32.0,0.21864972848121042
DiagSF,2.0,0.6206613236538441
DiagSF,1.0,0.7177379159451833
DiagSF,256.0,NaN
DiagSF,64.0,0.23216438809637494
DiagSF,32.0,0.2541786691294073
DiagSF,4.0,0.4940240940430134
DiagSF,8.0,0.3883715333782512
DiagSF,128.0,0.28578576935517985
DiagSF,16.0,0.2774185458281402
BlockSF,256.0,NaN
BlockSF,64.0,0.21316713619879737
BlockSF,4.0,0.48645381012540734
BlockSF,8.0,0.39144337286383485
BlockSF,128.0,0.23061992810092027
BlockSF,1.0,0.7174103920242029
BlockSF,32.0,0.223477323060859
BlockSF,16.0,0.3162844080833392
FullSF,64.0,0.14309034067284704
FullSF,4.0,0.49485586251037705
FullSF,256.0,0.23939237775016878
FullSF,128.0,0.16606851523720298
FullSF,8.0,0.39514268448328654
FullSF,1.0,0.7464885365788406
FullSF,16.0,0.2858935605366646
FullSF,32.0,0.2315075150288484
DiagSF,2.0,0.6206806926697347
